genome	n	sample	before_filtering_total_reads	after_filtering_total_reads	non_rRNA	num_mapped	library_types
Acaryochloris.marina.MBIC11017_txid329726_SAMN02604308_unknown	9	batch1_SRR13180890_SRP295478-SRA1166087	15654785	14856506	1201341	742893	SR
Acaryochloris.marina.MBIC11017_txid329726_SAMN02604308_unknown	9	batch1_SRR13180891_SRP295478-SRA1166087	15007392	14220598	1639444	1016648	SR
Acaryochloris.marina.MBIC11017_txid329726_SAMN02604308_unknown	9	batch1_SRR13180892_SRP295478-SRA1166087	16076471	15243680	2032544	1263972	SR
Acaryochloris.marina.MBIC11017_txid329726_SAMN02604308_unknown	9	batch1_SRR13180893_SRP295478-SRA1166087	16366501	15534052	10762694	6864539	SR
Acaryochloris.marina.MBIC11017_txid329726_SAMN02604308_unknown	9	batch1_SRR13180894_SRP295478-SRA1166087	16293605	15472757	9106196	5588519	SR
Acaryochloris.marina.MBIC11017_txid329726_SAMN02604308_unknown	9	batch1_SRR13180895_SRP295478-SRA1166087	16940567	16063668	8886274	5525842	SR
Acaryochloris.marina.MBIC11017_txid329726_SAMN02604308_unknown	9	batch1_SRR13180896_SRP295478-SRA1166087	16091549	15220565	8941382	5469443	SR
Acaryochloris.marina.MBIC11017_txid329726_SAMN02604308_unknown	9	batch1_SRR13180897_SRP295478-SRA1166087	16307016	15460056	9981882	6189717	SR
Acaryochloris.marina.MBIC11017_txid329726_SAMN02604308_unknown	9	batch1_SRR13180898_SRP295478-SRA1166087	16502807	15627656	8377059	5011759	SR
Nostoc.sp.PCC.7120.FACHB.418_txid103690_SAMD00061094_Nostocales	13	batch1_SRR094983_SRP005431-SRA029304	22974491	15157983	1163610	586883	SF
Nostoc.sp.PCC.7120.FACHB.418_txid103690_SAMD00061094_Nostocales	13	batch1_SRR12792097_SRP286720-SRA1140157	3469464	3072673	3060118	2024627	SR
Nostoc.sp.PCC.7120.FACHB.418_txid103690_SAMD00061094_Nostocales	13	batch1_SRR12792098_SRP286720-SRA1140157	3556353	3287078	3269305	1634175	SR
Nostoc.sp.PCC.7120.FACHB.418_txid103690_SAMD00061094_Nostocales	13	batch1_SRR12792099_SRP286720-SRA1140157	2725486	2487568	2452336	1131342	SR
Nostoc.sp.PCC.7120.FACHB.418_txid103690_SAMD00061094_Nostocales	13	batch1_SRR12792100_SRP286720-SRA1140157	4174801	3842731	3799269	2092393	SR
Nostoc.sp.PCC.7120.FACHB.418_txid103690_SAMD00061094_Nostocales	13	batch1_SRR12792101_SRP286720-SRA1140157	4190775	3750898	3722021	2434410	SR
Nostoc.sp.PCC.7120.FACHB.418_txid103690_SAMD00061094_Nostocales	13	batch1_SRR12792102_SRP286720-SRA1140157	2131604	1880595	1807243	872215	SR
Nostoc.sp.PCC.7120.FACHB.418_txid103690_SAMD00061094_Nostocales	13	batch1_SRR12792103_SRP286720-SRA1140157	3962324	3667841	3615406	1898762	SR
Nostoc.sp.PCC.7120.FACHB.418_txid103690_SAMD00061094_Nostocales	13	batch1_SRR12792104_SRP286720-SRA1140157	3483312	3206834	3158432	1804623	SR
Nostoc.sp.PCC.7120.FACHB.418_txid103690_SAMD00061094_Nostocales	13	batch1_SRR12792105_SRP286720-SRA1140157	3010591	2706672	2617927	1522148	SR
Nostoc.sp.PCC.7120.FACHB.418_txid103690_SAMD00061094_Nostocales	13	batch1_SRR12792106_SRP286720-SRA1140157	1560953	1352638	1293700	623279	SR
Nostoc.sp.PCC.7120.FACHB.418_txid103690_SAMD00061094_Nostocales	13	batch1_SRR12792107_SRP286720-SRA1140157	1330858	1081330	1034567	557740	SR
Nostoc.sp.PCC.7120.FACHB.418_txid103690_SAMD00061094_Nostocales	13	batch1_SRR12792108_SRP286720-SRA1140157	4167565	3832555	3478314	1778745	SR
Prochlorococcus.marinus.str.MIT.9312_txid74546_SAMN02598321_NA	9	batch1_SRR7647491_SRP156440-SRA753502	13643891	10564068	10544784	8900269	SR
Prochlorococcus.marinus.str.MIT.9312_txid74546_SAMN02598321_NA	9	batch1_SRR7647492_SRP156440-SRA753502	14498853	11198194	11181876	9407327	SR
Prochlorococcus.marinus.str.MIT.9312_txid74546_SAMN02598321_NA	9	batch1_SRR7647493_SRP156440-SRA753502	14433350	11186153	11170557	9476407	SR
Prochlorococcus.marinus.str.MIT.9312_txid74546_SAMN02598321_NA	9	batch1_SRR7647494_SRP156440-SRA753502	14943598	11386222	11365958	9177236	SR
Prochlorococcus.marinus.str.MIT.9312_txid74546_SAMN02598321_NA	9	batch1_SRR7647495_SRP156440-SRA753502	13391146	10065833	9925189	7914638	SR
Prochlorococcus.marinus.str.MIT.9312_txid74546_SAMN02598321_NA	9	batch1_SRR7647496_SRP156440-SRA753502	15070449	11596972	11573894	9542601	SR
Prochlorococcus.marinus.str.MIT.9312_txid74546_SAMN02598321_NA	9	batch1_SRR7647497_SRP156440-SRA753502	14765714	11342179	11166572	9021571	SR
Prochlorococcus.marinus.str.MIT.9312_txid74546_SAMN02598321_NA	9	batch1_SRR7647498_SRP156440-SRA753502	15126510	11547021	11324184	8762922	SR
Prochlorococcus.marinus.str.MIT.9312_txid74546_SAMN02598321_NA	9	batch1_SRR7647499_SRP156440-SRA753502	14579144	11056569	11036986	8944170	SR
Prochlorococcus.marinus.str.NATL2A_txid59920_SAMN00623057_Synechococcales	73	batch1_SRR1593766_SRP048525-SRA188240	6290126	6135195	4124241	2848739	SR
Prochlorococcus.marinus.str.NATL2A_txid59920_SAMN00623057_Synechococcales	73	batch1_SRR1593767_SRP048525-SRA188240	5263448	5139288	3918970	2674564	SR
Prochlorococcus.marinus.str.NATL2A_txid59920_SAMN00623057_Synechococcales	73	batch1_SRR1593768_SRP048525-SRA188240	3703178	3609579	1822117	1281807	SR
Prochlorococcus.marinus.str.NATL2A_txid59920_SAMN00623057_Synechococcales	73	batch1_SRR1593769_SRP048525-SRA188240	5152328	5024566	3724191	2589355	SR
Prochlorococcus.marinus.str.NATL2A_txid59920_SAMN00623057_Synechococcales	73	batch1_SRR1593774_SRP048525-SRA188240	5367658	5221733	2084832	1144624	SR
Prochlorococcus.marinus.str.NATL2A_txid59920_SAMN00623057_Synechococcales	73	batch1_SRR1593775_SRP048525-SRA188240	4186337	4079119	1490107	839451	SR
Prochlorococcus.marinus.str.NATL2A_txid59920_SAMN00623057_Synechococcales	73	batch1_SRR1593776_SRP048525-SRA188240	4652494	4537034	2168979	1263325	SR
Prochlorococcus.marinus.str.NATL2A_txid59920_SAMN00623057_Synechococcales	73	batch1_SRR1593777_SRP048525-SRA188240	4773349	4644841	1517798	896430	SR
Prochlorococcus.marinus.str.NATL2A_txid59920_SAMN00623057_Synechococcales	73	batch1_SRR1593783_SRP048525-SRA188240	4776590	4650920	1478495	746884	SR
Prochlorococcus.marinus.str.NATL2A_txid59920_SAMN00623057_Synechococcales	73	batch1_SRR1593784_SRP048525-SRA188240	5051390	4922384	1868736	964805	SR
Prochlorococcus.marinus.str.NATL2A_txid59920_SAMN00623057_Synechococcales	73	batch1_SRR1593786_SRP048525-SRA188240	4938904	4811419	2349331	1130375	SR
Prochlorococcus.marinus.str.NATL2A_txid59920_SAMN00623057_Synechococcales	73	batch1_SRR1593787_SRP048525-SRA188240	3855535	3755612	1497793	719469	SR
Prochlorococcus.marinus.str.NATL2A_txid59920_SAMN00623057_Synechococcales	73	batch1_SRR1593788_SRP048525-SRA188240	5490799	5351228	2140936	905877	SR
Prochlorococcus.marinus.str.NATL2A_txid59920_SAMN00623057_Synechococcales	73	batch1_SRR1593789_SRP048525-SRA188240	5043576	4912124	1774695	842135	SR
Prochlorococcus.marinus.str.NATL2A_txid59920_SAMN00623057_Synechococcales	73	batch1_SRR1593790_SRP048525-SRA188240	4057184	3953665	1547267	672364	SR
Prochlorococcus.marinus.str.NATL2A_txid59920_SAMN00623057_Synechococcales	73	batch1_SRR1593791_SRP048525-SRA188240	4196629	4089898	1629151	715649	SR
Prochlorococcus.marinus.str.NATL2A_txid59920_SAMN00623057_Synechococcales	73	batch1_SRR1593792_SRP048525-SRA188240	4613315	4489190	1413445	670403	SR
Prochlorococcus.marinus.str.NATL2A_txid59920_SAMN00623057_Synechococcales	73	batch1_SRR1593793_SRP048525-SRA188240	4826711	4697181	1439930	710481	SR
Prochlorococcus.marinus.str.NATL2A_txid59920_SAMN00623057_Synechococcales	73	batch1_SRR5146502_SRP096122-SRA520554	6363035	6042802	5915511	3696371	SR
Prochlorococcus.marinus.str.NATL2A_txid59920_SAMN00623057_Synechococcales	73	batch1_SRR5146503_SRP096122-SRA520554	4490611	4264020	4082624	2517283	SR
Prochlorococcus.marinus.str.NATL2A_txid59920_SAMN00623057_Synechococcales	73	batch1_SRR5146504_SRP096122-SRA520554	4567970	4329465	4176235	2643465	SR
Prochlorococcus.marinus.str.NATL2A_txid59920_SAMN00623057_Synechococcales	73	batch1_SRR5146505_SRP096122-SRA520554	3575387	3243945	2580211	1736592	SR
Prochlorococcus.marinus.str.NATL2A_txid59920_SAMN00623057_Synechococcales	73	batch1_SRR5146506_SRP096122-SRA520554	3751811	3367584	1993307	1381025	SR
Prochlorococcus.marinus.str.NATL2A_txid59920_SAMN00623057_Synechococcales	73	batch1_SRR5146507_SRP096122-SRA520554	2545675	2277924	1190793	835843	SR
Prochlorococcus.marinus.str.NATL2A_txid59920_SAMN00623057_Synechococcales	73	batch1_SRR5146508_SRP096122-SRA520554	2870326	2605940	1714795	1253731	SR
Prochlorococcus.marinus.str.NATL2A_txid59920_SAMN00623057_Synechococcales	73	batch1_SRR5146509_SRP096122-SRA520554	3599841	3247128	1994126	1430624	SR
Prochlorococcus.marinus.str.NATL2A_txid59920_SAMN00623057_Synechococcales	73	batch1_SRR5146510_SRP096122-SRA520554	3992690	3611300	2272040	1636546	SR
Prochlorococcus.marinus.str.NATL2A_txid59920_SAMN00623057_Synechococcales	73	batch1_SRR5146511_SRP096122-SRA520554	3367881	3033873	1756560	1309599	SR
Prochlorococcus.marinus.str.NATL2A_txid59920_SAMN00623057_Synechococcales	73	batch1_SRR5146512_SRP096122-SRA520554	4278903	3844955	2188878	1618341	SR
Prochlorococcus.marinus.str.NATL2A_txid59920_SAMN00623057_Synechococcales	73	batch1_SRR5146513_SRP096122-SRA520554	3182915	2931836	2683343	1947991	SR
Prochlorococcus.marinus.str.NATL2A_txid59920_SAMN00623057_Synechococcales	73	batch1_SRR5146515_SRP096122-SRA520554	3586973	3281542	2980348	2149761	SR
Prochlorococcus.marinus.str.NATL2A_txid59920_SAMN00623057_Synechococcales	73	batch1_SRR5146516_SRP096122-SRA520554	4225771	3857654	3332175	2427838	SR
Prochlorococcus.marinus.str.NATL2A_txid59920_SAMN00623057_Synechococcales	73	batch1_SRR5146517_SRP096122-SRA520554	4036245	3711948	3464077	2418529	SR
Prochlorococcus.marinus.str.NATL2A_txid59920_SAMN00623057_Synechococcales	73	batch1_SRR5146518_SRP096122-SRA520554	5189886	4938693	4811046	3037854	SR
Prochlorococcus.marinus.str.NATL2A_txid59920_SAMN00623057_Synechococcales	73	batch1_SRR5146519_SRP096122-SRA520554	4466965	4245877	4169114	2586403	SR
Prochlorococcus.marinus.str.NATL2A_txid59920_SAMN00623057_Synechococcales	73	batch1_SRR5146520_SRP096122-SRA520554	4387487	4168562	4074988	2564750	SR
Prochlorococcus.marinus.str.NATL2A_txid59920_SAMN00623057_Synechococcales	73	batch1_SRR5146521_SRP096122-SRA520554	3011230	2749917	2365718	1632853	SR
Prochlorococcus.marinus.str.NATL2A_txid59920_SAMN00623057_Synechococcales	73	batch1_SRR5146522_SRP096122-SRA520554	5646162	5101591	4975004	2952754	SR
Prochlorococcus.marinus.str.NATL2A_txid59920_SAMN00623057_Synechococcales	73	batch1_SRR5146523_SRP096122-SRA520554	3360143	3045996	2376898	1605209	SR
Prochlorococcus.marinus.str.NATL2A_txid59920_SAMN00623057_Synechococcales	73	batch1_SRR5146524_SRP096122-SRA520554	3431950	3090337	2280490	1628888	SR
Prochlorococcus.marinus.str.NATL2A_txid59920_SAMN00623057_Synechococcales	73	batch1_SRR5146525_SRP096122-SRA520554	3363661	3015962	1646189	1188325	SR
Prochlorococcus.marinus.str.NATL2A_txid59920_SAMN00623057_Synechococcales	73	batch1_SRR5146526_SRP096122-SRA520554	5017169	4565986	3136616	2333707	SR
Prochlorococcus.marinus.str.NATL2A_txid59920_SAMN00623057_Synechococcales	73	batch1_SRR5146527_SRP096122-SRA520554	4726556	4280183	2735830	1985864	SR
Prochlorococcus.marinus.str.NATL2A_txid59920_SAMN00623057_Synechococcales	73	batch1_SRR5146528_SRP096122-SRA520554	4363230	3970486	2963317	2152814	SR
Prochlorococcus.marinus.str.NATL2A_txid59920_SAMN00623057_Synechococcales	73	batch1_SRR5146529_SRP096122-SRA520554	5158043	4908365	4585713	2965580	SR
Prochlorococcus.marinus.str.NATL2A_txid59920_SAMN00623057_Synechococcales	73	batch1_SRR5146530_SRP096122-SRA520554	4982387	4732241	4570822	3041932	SR
Prochlorococcus.marinus.str.NATL2A_txid59920_SAMN00623057_Synechococcales	73	batch1_SRR5146531_SRP096122-SRA520554	5121807	4859202	4591808	2896722	SR
Prochlorococcus.marinus.str.NATL2A_txid59920_SAMN00623057_Synechococcales	73	batch1_SRR5146533_SRP096122-SRA520554	4571904	4342169	4242682	2653329	SR
Prochlorococcus.marinus.str.NATL2A_txid59920_SAMN00623057_Synechococcales	73	batch1_SRR5146534_SRP096122-SRA520554	3236793	3076992	3020567	1834405	SR
Prochlorococcus.marinus.str.NATL2A_txid59920_SAMN00623057_Synechococcales	73	batch1_SRR5146535_SRP096122-SRA520554	3728277	3535988	3408284	2111333	SR
Prochlorococcus.marinus.str.NATL2A_txid59920_SAMN00623057_Synechococcales	73	batch1_SRR5146537_SRP096122-SRA520554	5507863	4983567	3267860	2287724	SR
Prochlorococcus.marinus.str.NATL2A_txid59920_SAMN00623057_Synechococcales	73	batch1_SRR5146538_SRP096122-SRA520554	4439128	4005367	2566464	1779866	SR
Prochlorococcus.marinus.str.NATL2A_txid59920_SAMN00623057_Synechococcales	73	batch1_SRR5146539_SRP096122-SRA520554	3122457	2822922	1890671	1304337	SR
Prochlorococcus.marinus.str.NATL2A_txid59920_SAMN00623057_Synechococcales	73	batch1_SRR5146540_SRP096122-SRA520554	4942918	4468312	2455636	1766322	SR
Prochlorococcus.marinus.str.NATL2A_txid59920_SAMN00623057_Synechococcales	73	batch1_SRR5146541_SRP096122-SRA520554	5369273	4844762	2886485	2079398	SR
Prochlorococcus.marinus.str.NATL2A_txid59920_SAMN00623057_Synechococcales	73	batch1_SRR5146542_SRP096122-SRA520554	4002050	3625448	2651322	1601470	SR
Prochlorococcus.marinus.str.NATL2A_txid59920_SAMN00623057_Synechococcales	73	batch1_SRR5146543_SRP096122-SRA520554	3893695	3504382	2022865	1322602	SR
Prochlorococcus.marinus.str.NATL2A_txid59920_SAMN00623057_Synechococcales	73	batch1_SRR5146544_SRP096122-SRA520554	3503423	3139661	1476419	962774	SR
Prochlorococcus.marinus.str.NATL2A_txid59920_SAMN00623057_Synechococcales	73	batch1_SRR5146545_SRP096122-SRA520554	5616159	5348938	5223479	2654237	SR
Prochlorococcus.marinus.str.NATL2A_txid59920_SAMN00623057_Synechococcales	73	batch1_SRR5146546_SRP096122-SRA520554	6366581	6040220	5660940	2886705	SR
Prochlorococcus.marinus.str.NATL2A_txid59920_SAMN00623057_Synechococcales	73	batch1_SRR5146547_SRP096122-SRA520554	4315001	4088829	3940525	2288293	SR
Prochlorococcus.marinus.str.NATL2A_txid59920_SAMN00623057_Synechococcales	73	batch1_SRR5146548_SRP096122-SRA520554	14151773	13458678	12870805	6063528	SR
Prochlorococcus.marinus.str.NATL2A_txid59920_SAMN00623057_Synechococcales	73	batch1_SRR5146549_SRP096122-SRA520554	4415391	4167053	3309817	1429437	SR
Prochlorococcus.marinus.str.NATL2A_txid59920_SAMN00623057_Synechococcales	73	batch1_SRR5146550_SRP096122-SRA520554	3869588	3668254	3435844	1588654	SR
Prochlorococcus.marinus.str.NATL2A_txid59920_SAMN00623057_Synechococcales	73	batch1_SRR7647481_SRP156440-SRA753502	15309565	11541810	11526991	8356704	SR
Prochlorococcus.marinus.str.NATL2A_txid59920_SAMN00623057_Synechococcales	73	batch1_SRR7647482_SRP156440-SRA753502	16079324	11912248	11888690	8497967	SR
Prochlorococcus.marinus.str.NATL2A_txid59920_SAMN00623057_Synechococcales	73	batch1_SRR7647483_SRP156440-SRA753502	15077389	11199961	11184522	8007054	SR
Prochlorococcus.marinus.str.NATL2A_txid59920_SAMN00623057_Synechococcales	73	batch1_SRR7647484_SRP156440-SRA753502	16684926	12665107	12647201	9105161	SR
Prochlorococcus.marinus.str.NATL2A_txid59920_SAMN00623057_Synechococcales	73	batch1_SRR7647485_SRP156440-SRA753502	15503192	11710083	11687880	8099110	SR
Prochlorococcus.marinus.str.NATL2A_txid59920_SAMN00623057_Synechococcales	73	batch1_SRR7647487_SRP156440-SRA753502	15103395	11328840	11311897	7657267	SR
Prochlorococcus.marinus.str.NATL2A_txid59920_SAMN00623057_Synechococcales	73	batch1_SRR7647488_SRP156440-SRA753502	14849173	11280743	11261764	8133189	SR
Prochlorococcus.marinus.str.NATL2A_txid59920_SAMN00623057_Synechococcales	73	batch1_SRR7647489_SRP156440-SRA753502	15179860	11502911	11476930	7684762	SR
Prochlorococcus.marinus.str.NATL2A_txid59920_SAMN00623057_Synechococcales	73	batch1_SRR7647490_SRP156440-SRA753502	15218589	11537979	11507154	7925556	SR
Synechococcus.elongatus.PCC.7942.FACHB.805_txid1140_SAMN02598254_Synechococcales	228	batch1_SRR1001850_SRP030395-SRA103947	13660580	13440210	1979515	1465786	SR
Synechococcus.elongatus.PCC.7942.FACHB.805_txid1140_SAMN02598254_Synechococcales	228	batch1_SRR1001851_SRP030395-SRA103947	12018370	11893008	1736033	1280483	SR
Synechococcus.elongatus.PCC.7942.FACHB.805_txid1140_SAMN02598254_Synechococcales	228	batch1_SRR1001852_SRP030395-SRA103947	11935064	11821373	1501392	1048145	SR
Synechococcus.elongatus.PCC.7942.FACHB.805_txid1140_SAMN02598254_Synechococcales	228	batch1_SRR1001853_SRP030395-SRA103947	14202263	14067843	2078198	1433891	SR
Synechococcus.elongatus.PCC.7942.FACHB.805_txid1140_SAMN02598254_Synechococcales	228	batch1_SRR1001854_SRP030395-SRA103947	11456135	11328980	1789607	1275960	SR
Synechococcus.elongatus.PCC.7942.FACHB.805_txid1140_SAMN02598254_Synechococcales	228	batch1_SRR1001855_SRP030395-SRA103947	12173405	12050804	1719311	1232188	SR
Synechococcus.elongatus.PCC.7942.FACHB.805_txid1140_SAMN02598254_Synechococcales	228	batch1_SRR1001857_SRP030395-SRA103947	11591498	11470570	1101204	814472	SR
Synechococcus.elongatus.PCC.7942.FACHB.805_txid1140_SAMN02598254_Synechococcales	228	batch1_SRR1001858_SRP030395-SRA103947	12656905	12537696	1150449	835831	SR
Synechococcus.elongatus.PCC.7942.FACHB.805_txid1140_SAMN02598254_Synechococcales	228	batch1_SRR1001862_SRP030395-SRA103947	10314218	10186618	1115358	836099	SR
Synechococcus.elongatus.PCC.7942.FACHB.805_txid1140_SAMN02598254_Synechococcales	228	batch1_SRR1001865_SRP030395-SRA103947	9956083	9852318	1122319	826688	SR
Synechococcus.elongatus.PCC.7942.FACHB.805_txid1140_SAMN02598254_Synechococcales	228	batch1_SRR1001866_SRP030395-SRA103947	12250324	12115754	1447158	1088982	SR
Synechococcus.elongatus.PCC.7942.FACHB.805_txid1140_SAMN02598254_Synechococcales	228	batch1_SRR1001867_SRP030395-SRA103947	12167077	12030643	1306534	985112	SR
Synechococcus.elongatus.PCC.7942.FACHB.805_txid1140_SAMN02598254_Synechococcales	228	batch1_SRR19538254_SRP378421-SRA1432278	7283463	6423878	6360420	2554350	SR
Synechococcus.elongatus.PCC.7942.FACHB.805_txid1140_SAMN02598254_Synechococcales	228	batch1_SRR19538255_SRP378421-SRA1432278	6655283	5843597	5819413	3461967	SR
Synechococcus.elongatus.PCC.7942.FACHB.805_txid1140_SAMN02598254_Synechococcales	228	batch1_SRR19538256_SRP378421-SRA1432278	7944482	6955174	6808877	4075127	SR
Synechococcus.elongatus.PCC.7942.FACHB.805_txid1140_SAMN02598254_Synechococcales	228	batch1_SRR19538257_SRP378421-SRA1432278	7589074	6628773	6601201	3091076	SR
Synechococcus.elongatus.PCC.7942.FACHB.805_txid1140_SAMN02598254_Synechococcales	228	batch1_SRR19538258_SRP378421-SRA1432278	7932133	6929639	6894769	3923256	SR
Synechococcus.elongatus.PCC.7942.FACHB.805_txid1140_SAMN02598254_Synechococcales	228	batch1_SRR19538259_SRP378421-SRA1432278	8835840	7732025	7644754	3824179	SR
Synechococcus.elongatus.PCC.7942.FACHB.805_txid1140_SAMN02598254_Synechococcales	228	batch1_SRR19538260_SRP378421-SRA1432278	7761056	6813137	6780932	3531942	SR
Synechococcus.elongatus.PCC.7942.FACHB.805_txid1140_SAMN02598254_Synechococcales	228	batch1_SRR19538261_SRP378421-SRA1432278	7045051	6139130	6096456	3705844	SR
Synechococcus.elongatus.PCC.7942.FACHB.805_txid1140_SAMN02598254_Synechococcales	228	batch1_SRR19538262_SRP378421-SRA1432278	6870817	5982536	5917273	3716168	SR
Synechococcus.elongatus.PCC.7942.FACHB.805_txid1140_SAMN02598254_Synechococcales	228	batch1_SRR19538263_SRP378421-SRA1432278	7187072	6250456	6210229	3823933	SR
Synechococcus.elongatus.PCC.7942.FACHB.805_txid1140_SAMN02598254_Synechococcales	228	batch1_SRR19538264_SRP378421-SRA1432278	6065989	5252529	5221415	3445950	SR
Synechococcus.elongatus.PCC.7942.FACHB.805_txid1140_SAMN02598254_Synechococcales	228	batch1_SRR19538265_SRP378421-SRA1432278	6894458	5968948	5928053	3791498	SR
Synechococcus.elongatus.PCC.7942.FACHB.805_txid1140_SAMN02598254_Synechococcales	228	batch1_SRR19538266_SRP378421-SRA1432278	6941341	5984599	5951838	3746019	SR
Synechococcus.elongatus.PCC.7942.FACHB.805_txid1140_SAMN02598254_Synechococcales	228	batch1_SRR19538267_SRP378421-SRA1432278	7036951	6125526	6068670	3221592	SR
Synechococcus.elongatus.PCC.7942.FACHB.805_txid1140_SAMN02598254_Synechococcales	228	batch1_SRR19538268_SRP378421-SRA1432278	7262567	6312043	6261851	4019204	SR
Synechococcus.elongatus.PCC.7942.FACHB.805_txid1140_SAMN02598254_Synechococcales	228	batch1_SRR19538269_SRP378421-SRA1432278	7202205	6309993	6281907	3872282	SR
Synechococcus.elongatus.PCC.7942.FACHB.805_txid1140_SAMN02598254_Synechococcales	228	batch1_SRR19538270_SRP378421-SRA1432278	7709268	6697793	6657952	4516577	SR
Synechococcus.elongatus.PCC.7942.FACHB.805_txid1140_SAMN02598254_Synechococcales	228	batch1_SRR19538271_SRP378421-SRA1432278	7240321	6275388	6241247	4147277	SR
Synechococcus.elongatus.PCC.7942.FACHB.805_txid1140_SAMN02598254_Synechococcales	228	batch1_SRR19538272_SRP378421-SRA1432278	6570183	5703846	5672964	3624451	SR
Synechococcus.elongatus.PCC.7942.FACHB.805_txid1140_SAMN02598254_Synechococcales	228	batch1_SRR5031863_SRP093663-SRA495832	10298512	9999502	1252064	752609	SR
Synechococcus.elongatus.PCC.7942.FACHB.805_txid1140_SAMN02598254_Synechococcales	228	batch1_SRR5031865_SRP093663-SRA495832	9922316	9631715	1066715	592192	SR
Synechococcus.elongatus.PCC.7942.FACHB.805_txid1140_SAMN02598254_Synechococcales	228	batch1_SRR5031866_SRP093663-SRA495832	11638212	11296860	1072981	505928	SR
Synechococcus.elongatus.PCC.7942.FACHB.805_txid1140_SAMN02598254_Synechococcales	228	batch1_SRR5031872_SRP093663-SRA495832	9558398	9172259	1151466	707521	SR
Synechococcus.elongatus.PCC.7942.FACHB.805_txid1140_SAMN02598254_Synechococcales	228	batch1_SRR5031873_SRP093663-SRA495832	12383206	11959070	1819212	1178927	SR
Synechococcus.elongatus.PCC.7942.FACHB.805_txid1140_SAMN02598254_Synechococcales	228	batch1_SRR5031874_SRP093663-SRA495832	11502466	11157146	1592558	994659	SR
Synechococcus.elongatus.PCC.7942.FACHB.805_txid1140_SAMN02598254_Synechococcales	228	batch1_SRR5031875_SRP093663-SRA495832	11375156	10888500	1583915	1071892	SR
Synechococcus.elongatus.PCC.7942.FACHB.805_txid1140_SAMN02598254_Synechococcales	228	batch1_SRR5031876_SRP093663-SRA495832	11218501	10747341	1278137	865245	SR
Synechococcus.elongatus.PCC.7942.FACHB.805_txid1140_SAMN02598254_Synechococcales	228	batch1_SRR5031877_SRP093663-SRA495832	14299063	13670873	1602319	1055193	SR
Synechococcus.elongatus.PCC.7942.FACHB.805_txid1140_SAMN02598254_Synechococcales	228	batch1_SRR5031878_SRP093663-SRA495832	11509315	11012958	1211705	764084	SR
Synechococcus.elongatus.PCC.7942.FACHB.805_txid1140_SAMN02598254_Synechococcales	228	batch1_SRR5031879_SRP093663-SRA495832	13139020	12599515	1317234	781013	SR
Synechococcus.elongatus.PCC.7942.FACHB.805_txid1140_SAMN02598254_Synechococcales	228	batch1_SRR5031880_SRP093663-SRA495832	15189499	14576908	1532406	747486	SR
Synechococcus.elongatus.PCC.7942.FACHB.805_txid1140_SAMN02598254_Synechococcales	228	batch1_SRR5031884_SRP093663-SRA495832	16305249	15576380	1742912	1034382	SR
Synechococcus.elongatus.PCC.7942.FACHB.805_txid1140_SAMN02598254_Synechococcales	228	batch1_SRR5031885_SRP093663-SRA495832	15476359	14763364	1901122	1226848	SR
Synechococcus.elongatus.PCC.7942.FACHB.805_txid1140_SAMN02598254_Synechococcales	228	batch1_SRR5031886_SRP093663-SRA495832	10717554	10269971	1353250	837305	SR
Synechococcus.elongatus.PCC.7942.FACHB.805_txid1140_SAMN02598254_Synechococcales	228	batch1_SRR6004392_SRP117070-SRA605278	14911780	14521533	13884259	8113998	SR
Synechococcus.elongatus.PCC.7942.FACHB.805_txid1140_SAMN02598254_Synechococcales	228	batch1_SRR6004393_SRP117070-SRA605278	18769338	18333865	17744684	10513625	SR
Synechococcus.elongatus.PCC.7942.FACHB.805_txid1140_SAMN02598254_Synechococcales	228	batch1_SRR6004394_SRP117070-SRA605278	16627313	16174908	14277754	8916805	SR
Synechococcus.elongatus.PCC.7942.FACHB.805_txid1140_SAMN02598254_Synechococcales	228	batch1_SRR6004395_SRP117070-SRA605278	10827488	10545290	9886712	6064503	SR
Synechococcus.elongatus.PCC.7942.FACHB.805_txid1140_SAMN02598254_Synechococcales	228	batch1_SRR6004396_SRP117070-SRA605278	12286581	11961100	11336416	7553303	SR
Synechococcus.elongatus.PCC.7942.FACHB.805_txid1140_SAMN02598254_Synechococcales	228	batch1_SRR6004397_SRP117070-SRA605278	13874664	13455705	12376808	8530592	SR
Synechococcus.elongatus.PCC.7942.FACHB.805_txid1140_SAMN02598254_Synechococcales	228	batch1_SRR6004398_SRP117070-SRA605278	16938257	16398275	15064170	10320957	SR
Synechococcus.elongatus.PCC.7942.FACHB.805_txid1140_SAMN02598254_Synechococcales	228	batch1_SRR6004399_SRP117070-SRA605278	16587665	16200457	10315031	7224171	SR
Synechococcus.elongatus.PCC.7942.FACHB.805_txid1140_SAMN02598254_Synechococcales	228	batch1_SRR6004402_SRP117071-SRA605279	18128276	17488964	12798366	8572686	SR
Synechococcus.elongatus.PCC.7942.FACHB.805_txid1140_SAMN02598254_Synechococcales	228	batch1_SRR6004403_SRP117071-SRA605279	21252494	20601741	19018175	13028983	SR
Synechococcus.elongatus.PCC.7942.FACHB.805_txid1140_SAMN02598254_Synechococcales	228	batch1_SRR6004404_SRP117071-SRA605279	17171120	16582205	14505328	10000584	SR
Synechococcus.elongatus.PCC.7942.FACHB.805_txid1140_SAMN02598254_Synechococcales	228	batch1_SRR6004405_SRP117071-SRA605279	19459621	18881721	14977780	10117037	SR
Synechococcus.elongatus.PCC.7942.FACHB.805_txid1140_SAMN02598254_Synechococcales	228	batch1_SRR6004406_SRP117071-SRA605279	16040799	15534392	14791517	10814576	SR
Synechococcus.elongatus.PCC.7942.FACHB.805_txid1140_SAMN02598254_Synechococcales	228	batch1_SRR6004407_SRP117071-SRA605279	17278594	16747165	14107163	9974531	SR
Synechococcus.elongatus.PCC.7942.FACHB.805_txid1140_SAMN02598254_Synechococcales	228	batch1_SRR6004408_SRP117071-SRA605279	13327653	12971546	12363515	8949272	SR
Synechococcus.elongatus.PCC.7942.FACHB.805_txid1140_SAMN02598254_Synechococcales	228	batch1_SRR6004409_SRP117071-SRA605279	17028987	16479394	15667072	10944406	SR
Synechococcus.elongatus.PCC.7942.FACHB.805_txid1140_SAMN02598254_Synechococcales	228	batch1_SRR6021718_SRP117169-SRA606632	9648458	9216110	9111118	4282686	SR
Synechococcus.elongatus.PCC.7942.FACHB.805_txid1140_SAMN02598254_Synechococcales	228	batch1_SRR6021719_SRP117169-SRA606632	13333991	12713874	12544418	5901483	SR
Synechococcus.elongatus.PCC.7942.FACHB.805_txid1140_SAMN02598254_Synechococcales	228	batch1_SRR6021720_SRP117169-SRA606632	15104219	14538050	14309133	5998888	SR
Synechococcus.elongatus.PCC.7942.FACHB.805_txid1140_SAMN02598254_Synechococcales	228	batch1_SRR6021721_SRP117169-SRA606632	16923984	16127710	15582814	8214889	SR
Synechococcus.elongatus.PCC.7942.FACHB.805_txid1140_SAMN02598254_Synechococcales	228	batch1_SRR6021722_SRP117169-SRA606632	14040791	13475435	12932480	6940154	SR
Synechococcus.elongatus.PCC.7942.FACHB.805_txid1140_SAMN02598254_Synechococcales	228	batch1_SRR6021723_SRP117169-SRA606632	13107597	12564308	12285869	5735497	SR
Synechococcus.elongatus.PCC.7942.FACHB.805_txid1140_SAMN02598254_Synechococcales	228	batch1_SRR6026319_SRP117265-SRA607160	16703814	16267151	16128122	7652866	SR
Synechococcus.elongatus.PCC.7942.FACHB.805_txid1140_SAMN02598254_Synechococcales	228	batch1_SRR6026320_SRP117265-SRA607160	15219015	14826546	14738752	7148948	SR
Synechococcus.elongatus.PCC.7942.FACHB.805_txid1140_SAMN02598254_Synechococcales	228	batch1_SRR6026321_SRP117265-SRA607160	10893187	10618505	10528880	4714995	SR
Synechococcus.elongatus.PCC.7942.FACHB.805_txid1140_SAMN02598254_Synechococcales	228	batch1_SRR6026322_SRP117265-SRA607160	17146733	16677148	16488623	6623411	SR
Synechococcus.elongatus.PCC.7942.FACHB.805_txid1140_SAMN02598254_Synechococcales	228	batch1_SRR6026328_SRP117265-SRA607160	10865195	10616411	10176841	6996963	SR
Synechococcus.elongatus.PCC.7942.FACHB.805_txid1140_SAMN02598254_Synechococcales	228	batch1_SRR6026329_SRP117265-SRA607160	15708983	15336332	14763296	10206713	SR
Synechococcus.elongatus.PCC.7942.FACHB.805_txid1140_SAMN02598254_Synechococcales	228	batch1_SRR6026330_SRP117265-SRA607160	11620415	11265697	10920299	7368082	SR
Synechococcus.elongatus.PCC.7942.FACHB.805_txid1140_SAMN02598254_Synechococcales	228	batch1_SRR6026331_SRP117265-SRA607160	10028620	9746565	9487774	5996304	SR
Synechococcus.elongatus.PCC.7942.FACHB.805_txid1140_SAMN02598254_Synechococcales	228	batch1_SRR6026332_SRP117265-SRA607160	13707700	13327112	12911507	7409985	SR
Synechococcus.elongatus.PCC.7942.FACHB.805_txid1140_SAMN02598254_Synechococcales	228	batch1_SRR6026333_SRP117265-SRA607160	17654626	17165597	16508750	9382256	SR
Synechococcus.elongatus.PCC.7942.FACHB.805_txid1140_SAMN02598254_Synechococcales	228	batch1_SRR6026334_SRP117265-SRA607160	13894197	13569313	12312981	6119767	SR
Synechococcus.elongatus.PCC.7942.FACHB.805_txid1140_SAMN02598254_Synechococcales	228	batch1_SRR6026335_SRP117265-SRA607160	21507478	20919645	18420712	7660639	SR
Synechococcus.elongatus.PCC.7942.FACHB.805_txid1140_SAMN02598254_Synechococcales	228	batch1_SRR6026337_SRP117265-SRA607160	9024779	8889674	8771737	5179170	SR
Synechococcus.elongatus.PCC.7942.FACHB.805_txid1140_SAMN02598254_Synechococcales	228	batch1_SRR6026338_SRP117265-SRA607160	8272300	8144921	7854809	4241120	SR
Synechococcus.elongatus.PCC.7942.FACHB.805_txid1140_SAMN02598254_Synechococcales	228	batch1_SRR6026339_SRP117265-SRA607160	9228198	9104919	8959102	4410886	SR
Synechococcus.elongatus.PCC.7942.FACHB.805_txid1140_SAMN02598254_Synechococcales	228	batch1_SRR6026340_SRP117265-SRA607160	9039329	8777449	8608959	3862098	SR
Synechococcus.elongatus.PCC.7942.FACHB.805_txid1140_SAMN02598254_Synechococcales	228	batch1_SRR6026346_SRP117265-SRA607160	10435731	9911790	9763621	6841447	SR
Synechococcus.elongatus.PCC.7942.FACHB.805_txid1140_SAMN02598254_Synechococcales	228	batch1_SRR6026347_SRP117265-SRA607160	12815102	12082375	11911534	8166774	SR
Synechococcus.elongatus.PCC.7942.FACHB.805_txid1140_SAMN02598254_Synechococcales	228	batch1_SRR6026348_SRP117265-SRA607160	11416675	10841342	10696469	7146222	SR
Synechococcus.elongatus.PCC.7942.FACHB.805_txid1140_SAMN02598254_Synechococcales	228	batch1_SRR6026349_SRP117265-SRA607160	21721649	20709026	20029384	11983194	SR
Synechococcus.elongatus.PCC.7942.FACHB.805_txid1140_SAMN02598254_Synechococcales	228	batch1_SRR6026350_SRP117265-SRA607160	14015397	12960047	12714403	7790403	SR
Synechococcus.elongatus.PCC.7942.FACHB.805_txid1140_SAMN02598254_Synechococcales	228	batch1_SRR6026351_SRP117265-SRA607160	23072779	21851471	21109099	12083232	SR
Synechococcus.elongatus.PCC.7942.FACHB.805_txid1140_SAMN02598254_Synechococcales	228	batch1_SRR6026352_SRP117265-SRA607160	12664906	11991518	11719911	6401967	SR
Synechococcus.elongatus.PCC.7942.FACHB.805_txid1140_SAMN02598254_Synechococcales	228	batch1_SRR6026353_SRP117265-SRA607160	12438694	11892896	11607413	5221818	SR
Synechococcus.elongatus.PCC.7942.FACHB.805_txid1140_SAMN02598254_Synechococcales	228	batch1_SRR6069377_SRP118803-SRA612636	8905157	8793386	8525778	5916090	SR
Synechococcus.elongatus.PCC.7942.FACHB.805_txid1140_SAMN02598254_Synechococcales	228	batch1_SRR6069378_SRP118803-SRA612636	10596450	10367390	10268030	7033451	SR
Synechococcus.elongatus.PCC.7942.FACHB.805_txid1140_SAMN02598254_Synechococcales	228	batch1_SRR6069379_SRP118803-SRA612636	7706914	7602375	7508319	5223929	SR
Synechococcus.elongatus.PCC.7942.FACHB.805_txid1140_SAMN02598254_Synechococcales	228	batch1_SRR6069380_SRP118803-SRA612636	10511432	10342954	10307831	7203139	SR
Synechococcus.elongatus.PCC.7942.FACHB.805_txid1140_SAMN02598254_Synechococcales	228	batch1_SRR6069381_SRP118803-SRA612636	9069077	8925638	8548880	5711950	SR
Synechococcus.elongatus.PCC.7942.FACHB.805_txid1140_SAMN02598254_Synechococcales	228	batch1_SRR6069382_SRP118803-SRA612636	9122823	8949041	8911123	6329310	SR
Synechococcus.elongatus.PCC.7942.FACHB.805_txid1140_SAMN02598254_Synechococcales	228	batch1_SRR6069383_SRP118803-SRA612636	7489968	7370126	7095354	4828187	SR
Synechococcus.elongatus.PCC.7942.FACHB.805_txid1140_SAMN02598254_Synechococcales	228	batch1_SRR6069384_SRP118803-SRA612636	9903726	9747915	9720934	6934122	SR
Synechococcus.elongatus.PCC.7942.FACHB.805_txid1140_SAMN02598254_Synechococcales	228	batch1_SRR6069385_SRP118803-SRA612636	7615297	7485108	7357377	4975459	SR
Synechococcus.elongatus.PCC.7942.FACHB.805_txid1140_SAMN02598254_Synechococcales	228	batch1_SRR6069386_SRP118803-SRA612636	9427609	9277598	9228939	6301799	SR
Synechococcus.elongatus.PCC.7942.FACHB.805_txid1140_SAMN02598254_Synechococcales	228	batch1_SRR6069387_SRP118803-SRA612636	9463052	9278084	9092297	6120253	SR
Synechococcus.elongatus.PCC.7942.FACHB.805_txid1140_SAMN02598254_Synechococcales	228	batch1_SRR6069388_SRP118803-SRA612636	11501570	11302569	11219046	7746082	SR
Synechococcus.elongatus.PCC.7942.FACHB.805_txid1140_SAMN02598254_Synechococcales	228	batch1_SRR6069389_SRP118803-SRA612636	10916343	10662874	10531240	7121548	SR
Synechococcus.elongatus.PCC.7942.FACHB.805_txid1140_SAMN02598254_Synechococcales	228	batch1_SRR6069390_SRP118803-SRA612636	12836949	12631495	12395594	8456829	SR
Synechococcus.elongatus.PCC.7942.FACHB.805_txid1140_SAMN02598254_Synechococcales	228	batch1_SRR6069391_SRP118803-SRA612636	10003585	9842830	9697268	6672012	SR
Synechococcus.elongatus.PCC.7942.FACHB.805_txid1140_SAMN02598254_Synechococcales	228	batch1_SRR6069392_SRP118803-SRA612636	13218632	12990641	12903571	8877115	SR
Synechococcus.elongatus.PCC.7942.FACHB.805_txid1140_SAMN02598254_Synechococcales	228	batch1_SRR6069393_SRP118803-SRA612636	9171499	8972539	8600650	5997186	SR
Synechococcus.elongatus.PCC.7942.FACHB.805_txid1140_SAMN02598254_Synechococcales	228	batch1_SRR6069394_SRP118803-SRA612636	7474725	7396683	7349896	4904928	SR
Synechococcus.elongatus.PCC.7942.FACHB.805_txid1140_SAMN02598254_Synechococcales	228	batch1_SRR6069395_SRP118803-SRA612636	10992595	10816132	10195076	7465327	SR
Synechococcus.elongatus.PCC.7942.FACHB.805_txid1140_SAMN02598254_Synechococcales	228	batch1_SRR6069396_SRP118803-SRA612636	5847952	5789949	5771085	4201179	SR
Synechococcus.elongatus.PCC.7942.FACHB.805_txid1140_SAMN02598254_Synechococcales	228	batch1_SRR6069397_SRP118803-SRA612636	4358556	4303822	4138601	3176512	SR
Synechococcus.elongatus.PCC.7942.FACHB.805_txid1140_SAMN02598254_Synechococcales	228	batch1_SRR6069398_SRP118803-SRA612636	6172768	6104635	6087389	4581900	SR
Synechococcus.elongatus.PCC.7942.FACHB.805_txid1140_SAMN02598254_Synechococcales	228	batch1_SRR6069399_SRP118803-SRA612636	9272494	9120880	5597005	4458996	SR
Synechococcus.elongatus.PCC.7942.FACHB.805_txid1140_SAMN02598254_Synechococcales	228	batch1_SRR6069400_SRP118803-SRA612636	7530727	7456852	7433608	5557491	SR
Synechococcus.elongatus.PCC.7942.FACHB.805_txid1140_SAMN02598254_Synechococcales	228	batch1_SRR6069401_SRP118803-SRA612636	8395617	8294924	4230265	3133443	SR
Synechococcus.elongatus.PCC.7942.FACHB.805_txid1140_SAMN02598254_Synechococcales	228	batch1_SRR6069402_SRP118803-SRA612636	6183163	6121240	6104257	4479208	SR
Synechococcus.elongatus.PCC.7942.FACHB.805_txid1140_SAMN02598254_Synechococcales	228	batch1_SRR6069403_SRP118803-SRA612636	5321335	5256426	5137751	3659568	SR
Synechococcus.elongatus.PCC.7942.FACHB.805_txid1140_SAMN02598254_Synechococcales	228	batch1_SRR6069404_SRP118803-SRA612636	6046650	5986189	5969196	4302060	SR
Synechococcus.elongatus.PCC.7942.FACHB.805_txid1140_SAMN02598254_Synechococcales	228	batch1_SRR6069405_SRP118803-SRA612636	7658916	7543356	7390895	5183435	SR
Synechococcus.elongatus.PCC.7942.FACHB.805_txid1140_SAMN02598254_Synechococcales	228	batch1_SRR6069406_SRP118803-SRA612636	6408183	6314963	6292881	4409003	SR
Synechococcus.elongatus.PCC.7942.FACHB.805_txid1140_SAMN02598254_Synechococcales	228	batch1_SRR6069407_SRP118803-SRA612636	8144866	8029174	7837851	4436958	SR
Synechococcus.elongatus.PCC.7942.FACHB.805_txid1140_SAMN02598254_Synechococcales	228	batch1_SRR6069408_SRP118803-SRA612636	7034113	6969566	6944731	3743565	SR
Synechococcus.elongatus.PCC.7942.FACHB.805_txid1140_SAMN02598254_Synechococcales	228	batch1_SRR6069409_SRP118803-SRA612636	6676557	6567472	6424632	4336560	SR
Synechococcus.elongatus.PCC.7942.FACHB.805_txid1140_SAMN02598254_Synechococcales	228	batch1_SRR6069410_SRP118803-SRA612636	7191101	7077927	7052075	4792703	SR
Synechococcus.elongatus.PCC.7942.FACHB.805_txid1140_SAMN02598254_Synechococcales	228	batch1_SRR6069411_SRP118803-SRA612636	9717654	9588995	9216000	6438972	SR
Synechococcus.elongatus.PCC.7942.FACHB.805_txid1140_SAMN02598254_Synechococcales	228	batch1_SRR6069412_SRP118803-SRA612636	8587546	8452929	8415781	6014459	SR
Synechococcus.elongatus.PCC.7942.FACHB.805_txid1140_SAMN02598254_Synechococcales	228	batch1_SRR6069413_SRP118803-SRA612636	8513652	8381635	8274370	6154437	SR
Synechococcus.elongatus.PCC.7942.FACHB.805_txid1140_SAMN02598254_Synechococcales	228	batch1_SRR6069414_SRP118803-SRA612636	9587190	9430733	9400030	6830986	SR
Synechococcus.elongatus.PCC.7942.FACHB.805_txid1140_SAMN02598254_Synechococcales	228	batch1_SRR6069415_SRP118803-SRA612636	8242414	8116813	7937969	5803916	SR
Synechococcus.elongatus.PCC.7942.FACHB.805_txid1140_SAMN02598254_Synechococcales	228	batch1_SRR6069416_SRP118803-SRA612636	7891202	7767951	7698849	5608527	SR
Synechococcus.elongatus.PCC.7942.FACHB.805_txid1140_SAMN02598254_Synechococcales	228	batch1_SRR6069417_SRP118803-SRA612636	8382685	8262882	8182519	5861335	SR
Synechococcus.elongatus.PCC.7942.FACHB.805_txid1140_SAMN02598254_Synechococcales	228	batch1_SRR6069418_SRP118803-SRA612636	7991539	7859181	7829466	5475042	SR
Synechococcus.elongatus.PCC.7942.FACHB.805_txid1140_SAMN02598254_Synechococcales	228	batch1_SRR6069419_SRP118803-SRA612636	9281711	9161997	8738476	5876997	SR
Synechococcus.elongatus.PCC.7942.FACHB.805_txid1140_SAMN02598254_Synechococcales	228	batch1_SRR6069420_SRP118803-SRA612636	5248015	5159149	5135939	3527441	SR
Synechococcus.elongatus.PCC.7942.FACHB.805_txid1140_SAMN02598254_Synechococcales	228	batch1_SRR6069421_SRP118803-SRA612636	8945138	8804429	8571090	5748078	SR
Synechococcus.elongatus.PCC.7942.FACHB.805_txid1140_SAMN02598254_Synechococcales	228	batch1_SRR6069422_SRP118803-SRA612636	8780350	8633995	8588121	5918827	SR
Synechococcus.elongatus.PCC.7942.FACHB.805_txid1140_SAMN02598254_Synechococcales	228	batch1_SRR6069423_SRP118803-SRA612636	8012684	7918201	5425767	4173776	SR
Synechococcus.elongatus.PCC.7942.FACHB.805_txid1140_SAMN02598254_Synechococcales	228	batch1_SRR6069424_SRP118803-SRA612636	8497514	8409495	8368330	6186858	SR
Synechococcus.elongatus.PCC.7942.FACHB.805_txid1140_SAMN02598254_Synechococcales	228	batch1_SRR6069425_SRP118803-SRA612636	10515376	10396258	10175549	6795979	SR
Synechococcus.elongatus.PCC.7942.FACHB.805_txid1140_SAMN02598254_Synechococcales	228	batch1_SRR6069426_SRP118803-SRA612636	7924537	7851162	7816529	5433361	SR
Synechococcus.elongatus.PCC.7942.FACHB.805_txid1140_SAMN02598254_Synechococcales	228	batch1_SRR6069427_SRP118803-SRA612636	7135837	7035788	4915797	3288887	SR
Synechococcus.elongatus.PCC.7942.FACHB.805_txid1140_SAMN02598254_Synechococcales	228	batch1_SRR6069428_SRP118803-SRA612636	7339018	7268228	7155091	4564462	SR
Synechococcus.elongatus.PCC.7942.FACHB.805_txid1140_SAMN02598254_Synechococcales	228	batch1_SRR6069429_SRP118803-SRA612636	8596082	8457942	8345312	4951153	SR
Synechococcus.elongatus.PCC.7942.FACHB.805_txid1140_SAMN02598254_Synechococcales	228	batch1_SRR6069430_SRP118803-SRA612636	7364811	7296297	7265651	4261792	SR
Synechococcus.elongatus.PCC.7942.FACHB.805_txid1140_SAMN02598254_Synechococcales	228	batch1_SRR6069431_SRP118803-SRA612636	7655733	7502280	7327926	4874511	SR
Synechococcus.elongatus.PCC.7942.FACHB.805_txid1140_SAMN02598254_Synechococcales	228	batch1_SRR6069432_SRP118803-SRA612636	6415983	6326061	6286699	4320478	SR
Synechococcus.elongatus.PCC.7942.FACHB.805_txid1140_SAMN02598254_Synechococcales	228	batch1_SRR6069433_SRP118803-SRA612636	8357692	8221626	7955045	5428199	SR
Synechococcus.elongatus.PCC.7942.FACHB.805_txid1140_SAMN02598254_Synechococcales	228	batch1_SRR6069434_SRP118803-SRA612636	7953940	7875000	7829167	5541084	SR
Synechococcus.elongatus.PCC.7942.FACHB.805_txid1140_SAMN02598254_Synechococcales	228	batch1_SRR6069435_SRP118803-SRA612636	9534363	9359277	9149310	6282738	SR
Synechococcus.elongatus.PCC.7942.FACHB.805_txid1140_SAMN02598254_Synechococcales	228	batch1_SRR6069436_SRP118803-SRA612636	8234970	8149868	8119667	5657420	SR
Synechococcus.elongatus.PCC.7942.FACHB.805_txid1140_SAMN02598254_Synechococcales	228	batch1_SRR6202543_SRP120955-SRA622643	11883392	11593683	11384741	7252491	SR
Synechococcus.elongatus.PCC.7942.FACHB.805_txid1140_SAMN02598254_Synechococcales	228	batch1_SRR6202544_SRP120955-SRA622643	11526816	11276700	11071005	7239541	SR
Synechococcus.elongatus.PCC.7942.FACHB.805_txid1140_SAMN02598254_Synechococcales	228	batch1_SRR6202545_SRP120955-SRA622643	13749738	13454542	13076671	8365258	SR
Synechococcus.elongatus.PCC.7942.FACHB.805_txid1140_SAMN02598254_Synechococcales	228	batch1_SRR6202546_SRP120955-SRA622643	12961510	12676717	12250088	7407631	SR
Synechococcus.elongatus.PCC.7942.FACHB.805_txid1140_SAMN02598254_Synechococcales	228	batch1_SRR6202547_SRP120955-SRA622643	13282490	12971558	12371829	6923359	SR
Synechococcus.elongatus.PCC.7942.FACHB.805_txid1140_SAMN02598254_Synechococcales	228	batch1_SRR6202548_SRP120955-SRA622643	17158758	16747362	16255766	8891680	SR
Synechococcus.elongatus.PCC.7942.FACHB.805_txid1140_SAMN02598254_Synechococcales	228	batch1_SRR6202549_SRP120955-SRA622643	11728914	11225891	10392071	5192410	SR
Synechococcus.elongatus.PCC.7942.FACHB.805_txid1140_SAMN02598254_Synechococcales	228	batch1_SRR6202550_SRP120955-SRA622643	9346598	9110014	8675586	3643881	SR
Synechococcus.elongatus.PCC.7942.FACHB.805_txid1140_SAMN02598254_Synechococcales	228	batch1_SRR6202551_SRP120955-SRA622643	12069817	11682508	9852028	4070144	SR
Synechococcus.elongatus.PCC.7942.FACHB.805_txid1140_SAMN02598254_Synechococcales	228	batch1_SRR6202552_SRP120955-SRA622643	10765492	10487607	8258915	5478182	SR
Synechococcus.elongatus.PCC.7942.FACHB.805_txid1140_SAMN02598254_Synechococcales	228	batch1_SRR6202553_SRP120955-SRA622643	12610356	12270848	10632413	7055076	SR
Synechococcus.elongatus.PCC.7942.FACHB.805_txid1140_SAMN02598254_Synechococcales	228	batch1_SRR6202554_SRP120955-SRA622643	25812370	25132799	22165139	14580332	SR
Synechococcus.elongatus.PCC.7942.FACHB.805_txid1140_SAMN02598254_Synechococcales	228	batch1_SRR6202555_SRP120955-SRA622643	17215541	16692418	13843800	8454690	SR
Synechococcus.elongatus.PCC.7942.FACHB.805_txid1140_SAMN02598254_Synechococcales	228	batch1_SRR6202556_SRP120955-SRA622643	17557964	16917124	14643365	8298584	SR
Synechococcus.elongatus.PCC.7942.FACHB.805_txid1140_SAMN02598254_Synechococcales	228	batch1_SRR6202557_SRP120955-SRA622643	14221207	13623111	10543625	5696326	SR
Synechococcus.elongatus.PCC.7942.FACHB.805_txid1140_SAMN02598254_Synechococcales	228	batch1_SRR6202558_SRP120955-SRA622643	11745261	11220502	8160978	4234144	SR
Synechococcus.elongatus.PCC.7942.FACHB.805_txid1140_SAMN02598254_Synechococcales	228	batch1_SRR6202559_SRP120955-SRA622643	13422390	13019887	9704763	3935874	SR
Synechococcus.elongatus.PCC.7942.FACHB.805_txid1140_SAMN02598254_Synechococcales	228	batch1_SRR6202561_SRP120955-SRA622643	5718671	5418218	4942480	3215641	SR
Synechococcus.elongatus.PCC.7942.FACHB.805_txid1140_SAMN02598254_Synechococcales	228	batch1_SRR6202562_SRP120955-SRA622643	7335142	7024618	5584205	3649048	SR
Synechococcus.elongatus.PCC.7942.FACHB.805_txid1140_SAMN02598254_Synechococcales	228	batch1_SRR6202563_SRP120955-SRA622643	8656998	8275700	7949553	5062986	SR
Synechococcus.elongatus.PCC.7942.FACHB.805_txid1140_SAMN02598254_Synechococcales	228	batch1_SRR6202564_SRP120955-SRA622643	8903099	8298403	8090525	5115173	SR
Synechococcus.elongatus.PCC.7942.FACHB.805_txid1140_SAMN02598254_Synechococcales	228	batch1_SRR6202565_SRP120955-SRA622643	9926005	9633798	9318756	5225697	SR
Synechococcus.elongatus.PCC.7942.FACHB.805_txid1140_SAMN02598254_Synechococcales	228	batch1_SRR6202566_SRP120955-SRA622643	7046709	6055064	5806778	3218965	SR
Synechococcus.elongatus.PCC.7942.FACHB.805_txid1140_SAMN02598254_Synechococcales	228	batch1_SRR6202567_SRP120955-SRA622643	9259704	8936034	8711731	4405943	SR
Synechococcus.elongatus.PCC.7942.FACHB.805_txid1140_SAMN02598254_Synechococcales	228	batch1_SRR6202568_SRP120955-SRA622643	9547792	9110174	8720097	4272774	SR
Synechococcus.elongatus.PCC.7942.FACHB.805_txid1140_SAMN02598254_Synechococcales	228	batch1_SRR6202569_SRP120955-SRA622643	11252905	10763536	9384062	4449003	SR
Synechococcus.elongatus.PCC.7942.FACHB.805_txid1140_SAMN02598254_Synechococcales	228	batch1_SRR6202570_SRP120955-SRA622643	10164707	9706528	8654893	5846869	SR
Synechococcus.elongatus.PCC.7942.FACHB.805_txid1140_SAMN02598254_Synechococcales	228	batch1_SRR6202571_SRP120955-SRA622643	8480856	7964257	7105060	4967364	SR
Synechococcus.elongatus.PCC.7942.FACHB.805_txid1140_SAMN02598254_Synechococcales	228	batch1_SRR6202572_SRP120955-SRA622643	9936081	9585356	8382083	5631294	SR
Synechococcus.elongatus.PCC.7942.FACHB.805_txid1140_SAMN02598254_Synechococcales	228	batch1_SRR6202573_SRP120955-SRA622643	7914507	7645866	6199712	4093928	SR
Synechococcus.elongatus.PCC.7942.FACHB.805_txid1140_SAMN02598254_Synechococcales	228	batch1_SRR6202574_SRP120955-SRA622643	9304771	8990117	5904251	3629402	SR
Synechococcus.elongatus.PCC.7942.FACHB.805_txid1140_SAMN02598254_Synechococcales	228	batch1_SRR6202575_SRP120955-SRA622643	3426366	3272227	2632185	1508026	SR
Synechococcus.elongatus.PCC.7942.FACHB.805_txid1140_SAMN02598254_Synechococcales	228	batch1_SRR6202576_SRP120955-SRA622643	22980793	22061070	18188451	9764657	SR
Synechococcus.elongatus.PCC.7942.FACHB.805_txid1140_SAMN02598254_Synechococcales	228	batch1_SRR6202577_SRP120955-SRA622643	10513016	10127961	6269983	2932194	SR
Synechococcus.elongatus.PCC.7942.FACHB.805_txid1140_SAMN02598254_Synechococcales	228	batch1_SRR6202578_SRP120955-SRA622643	6192125	5932898	4558170	1899500	SR
Synechococcus.elongatus.PCC.7942.FACHB.805_txid1140_SAMN02598254_Synechococcales	228	batch1_SRR7188773_SRP148555-SRA707995	13566664	12459491	2651810	1870943	SR
Synechococcus.elongatus.PCC.7942.FACHB.805_txid1140_SAMN02598254_Synechococcales	228	batch1_SRR7188774_SRP148555-SRA707995	18071214	16632319	1565294	1123596	SR
Synechococcus.elongatus.PCC.7942.FACHB.805_txid1140_SAMN02598254_Synechococcales	228	batch1_SRR7188775_SRP148555-SRA707995	12689107	11709748	1044166	719223	SR
Synechococcus.elongatus.PCC.7942.FACHB.805_txid1140_SAMN02598254_Synechococcales	228	batch1_SRR7188777_SRP148555-SRA707995	12954330	11909221	1172954	809992	SR
Synechococcus.elongatus.PCC.7942.FACHB.805_txid1140_SAMN02598254_Synechococcales	228	batch1_SRR7188778_SRP148555-SRA707995	20595775	18942784	1338836	899197	SR
Synechococcus.elongatus.PCC.7942.FACHB.805_txid1140_SAMN02598254_Synechococcales	228	batch1_SRR7188779_SRP148555-SRA707995	20960679	19213171	4075358	2864532	SR
Synechococcus.elongatus.PCC.7942.FACHB.805_txid1140_SAMN02598254_Synechococcales	228	batch1_SRR7188780_SRP148555-SRA707995	18237617	16591555	1644981	1193479	SR
Synechococcus.elongatus.PCC.7942.FACHB.805_txid1140_SAMN02598254_Synechococcales	228	batch1_SRR7188781_SRP148555-SRA707995	14423625	13210628	1150310	785519	SR
Synechococcus.elongatus.PCC.7942.FACHB.805_txid1140_SAMN02598254_Synechococcales	228	batch1_SRR7188786_SRP148555-SRA707995	16270034	14994067	1190737	845317	SR
Synechococcus.elongatus.PCC.7942.FACHB.805_txid1140_SAMN02598254_Synechococcales	228	batch1_SRR7188787_SRP148555-SRA707995	3268961	3119306	2334187	1190801	SR
Synechococcus.elongatus.PCC.7942.FACHB.805_txid1140_SAMN02598254_Synechococcales	228	batch1_SRR7188788_SRP148555-SRA707995	4494136	4234318	3345006	2184938	SR
Synechococcus.elongatus.PCC.7942.FACHB.805_txid1140_SAMN02598254_Synechococcales	228	batch1_SRR7188789_SRP148555-SRA707995	4078338	3953806	1094137	701890	SR
Synechococcus.elongatus.PCC.7942.FACHB.805_txid1140_SAMN02598254_Synechococcales	228	batch1_SRR7188790_SRP148555-SRA707995	5148588	4994825	2549560	1567271	SR
Synechococcus.elongatus.PCC.7942.FACHB.805_txid1140_SAMN02598254_Synechococcales	228	batch1_SRR7188792_SRP148555-SRA707995	4800151	4660237	1722927	1105432	SR
Synechococcus.elongatus.PCC.7942.FACHB.805_txid1140_SAMN02598254_Synechococcales	228	batch1_SRR7188794_SRP148555-SRA707995	15136095	14270807	1111814	469504	SR
Synechococcus.elongatus.PCC.7942.FACHB.805_txid1140_SAMN02598254_Synechococcales	228	batch1_SRR7188798_SRP148555-SRA707995	17852537	16120723	1125177	693615	SR
Synechococcus.elongatus.PCC.7942.FACHB.805_txid1140_SAMN02598254_Synechococcales	228	batch1_SRR7188802_SRP148555-SRA707995	21900022	19804921	12561820	8316565	SR
Synechococcus.elongatus.PCC.7942.FACHB.805_txid1140_SAMN02598254_Synechococcales	228	batch1_SRR7188803_SRP148555-SRA707995	17827079	16272594	8932509	5991085	SR
Synechococcus.elongatus.PCC.7942.FACHB.805_txid1140_SAMN02598254_Synechococcales	228	batch1_SRR7188804_SRP148555-SRA707995	17358360	15756227	9066404	6117220	SR
Synechococcus.elongatus.PCC.7942.FACHB.805_txid1140_SAMN02598254_Synechococcales	228	batch1_SRR7188805_SRP148555-SRA707995	20916749	19074770	13611473	9086036	SR
Synechococcus.elongatus.PCC.7942.FACHB.805_txid1140_SAMN02598254_Synechococcales	228	batch1_SRR7188806_SRP148555-SRA707995	24558709	22266935	18237298	11701597	SR
Synechococcus.elongatus.PCC.7942.FACHB.805_txid1140_SAMN02598254_Synechococcales	228	batch1_SRR7188812_SRP148555-SRA707995	15590917	14130617	7690958	5096359	SR
Synechococcus.elongatus.PCC.7942.FACHB.805_txid1140_SAMN02598254_Synechococcales	228	batch1_SRR7188813_SRP148555-SRA707995	9117939	8277877	4779139	3214518	SR
Synechococcus.elongatus.PCC.7942.FACHB.805_txid1140_SAMN02598254_Synechococcales	228	batch1_SRR7188814_SRP148555-SRA707995	18452104	16811026	12143148	8242570	SR
Synechococcus.elongatus.PCC.7942.FACHB.805_txid1140_SAMN02598254_Synechococcales	228	batch1_SRR7188815_SRP148555-SRA707995	12077848	10976455	8873240	5650175	SR
Synechococcus.elongatus.PCC.7942.FACHB.805_txid1140_SAMN02598254_Synechococcales	228	batch1_SRR7188816_SRP148555-SRA707995	18212672	15983582	8674280	5400048	SR
Synechococcus.elongatus.PCC.7942.FACHB.805_txid1140_SAMN02598254_Synechococcales	228	batch1_SRR7188818_SRP148555-SRA707995	3073202	2934395	2165851	1550471	SR
Synechococcus.elongatus.PCC.7942.FACHB.805_txid1140_SAMN02598254_Synechococcales	228	batch1_SRR7188819_SRP148555-SRA707995	2930160	2646920	2568418	1807161	SR
Synechococcus.elongatus.PCC.7942.FACHB.805_txid1140_SAMN02598254_Synechococcales	228	batch1_SRR7188820_SRP148555-SRA707995	2588064	2467977	2411198	1716363	SR
Synechococcus.elongatus.PCC.7942.FACHB.805_txid1140_SAMN02598254_Synechococcales	228	batch1_SRR7188821_SRP148555-SRA707995	3341653	3206980	3091350	2193636	SR
Synechococcus.elongatus.PCC.7942.FACHB.805_txid1140_SAMN02598254_Synechococcales	228	batch1_SRR7188822_SRP148555-SRA707995	3223445	3069149	2879548	2029823	SR
Synechococcus.elongatus.PCC.7942.FACHB.805_txid1140_SAMN02598254_Synechococcales	228	batch1_SRR7188828_SRP148555-SRA707995	16450782	14876242	1282235	837559	SR
Synechococcus.elongatus.PCC.7942.FACHB.805_txid1140_SAMN02598254_Synechococcales	228	batch1_SRR7188831_SRP148555-SRA707995	3504605	3251265	3088454	2070757	SR
Synechococcus.elongatus.PCC.7942.FACHB.805_txid1140_SAMN02598254_Synechococcales	228	batch1_SRR7188833_SRP148555-SRA707995	3450089	3344151	3239499	2304067	SR
Synechococcus.elongatus.PCC.7942.FACHB.805_txid1140_SAMN02598254_Synechococcales	228	batch1_SRR7188834_SRP148555-SRA707995	2565990	2487778	2309952	1605522	SR
Synechococcus.elongatus.PCC.7942.FACHB.805_txid1140_SAMN02598254_Synechococcales	228	batch1_SRR7188835_SRP148555-SRA707995	3196009	2963178	2775991	1902899	SR
Synechococcus.elongatus.PCC.7942.FACHB.805_txid1140_SAMN02598254_Synechococcales	228	batch1_SRR7188836_SRP148555-SRA707995	2620262	1940831	1730027	1194387	SR
Synechococcus.elongatus.PCC.7942.FACHB.805_txid1140_SAMN02598254_Synechococcales	228	batch1_SRR7188839_SRP148555-SRA707995	13221228	12026885	1076484	684043	SR
Synechococcus.elongatus.PCC.7942.FACHB.805_txid1140_SAMN02598254_Synechococcales	228	batch1_SRR7188840_SRP148555-SRA707995	10715824	9670672	1377095	913499	SR
Synechococcus.elongatus.PCC.7942.FACHB.805_txid1140_SAMN02598254_Synechococcales	228	batch1_SRR7188841_SRP148555-SRA707995	13619396	11966482	4986109	3281344	SR
Synechococcus.elongatus.PCC.7942.FACHB.805_txid1140_SAMN02598254_Synechococcales	228	batch1_SRR7188842_SRP148555-SRA707995	14789484	13342619	1360111	872478	SR
Synechocystis.sp.PCC.6714_txid1147_SAMN02471775_Synechococcales	6	batch1_SRR1019215_SRP032230-SRA161965	16989115	15056201	2699819	1196497	SF
Synechocystis.sp.PCC.6714_txid1147_SAMN02471775_Synechococcales	6	batch1_SRR1019236_SRP032230-SRA161965	18230215	16305501	3135398	1405080	SF
Synechocystis.sp.PCC.6714_txid1147_SAMN02471775_Synechococcales	6	batch1_SRR1019237_SRP032230-SRA161965	21628202	19264313	3636106	1608272	SF
Synechocystis.sp.PCC.6714_txid1147_SAMN02471775_Synechococcales	6	batch1_SRR1019238_SRP032230-SRA161965	15768407	13952926	2893018	1296751	SF
Synechocystis.sp.PCC.6714_txid1147_SAMN02471775_Synechococcales	6	batch1_SRR1019239_SRP032230-SRA161965	22255446	19845102	3265154	1461263	SF
Synechocystis.sp.PCC.6714_txid1147_SAMN02471775_Synechococcales	6	batch1_SRR1019240_SRP032230-SRA161965	16513712	14569712	2392478	1040103	SF
Synechocystis.sp.PCC.6803_txid1148_SAMD00061113_Synechococcales	79	batch1_DRR483600_DRP010313-DRA016486	9374320	8742941	3931106	2731795	SR
Synechocystis.sp.PCC.6803_txid1148_SAMD00061113_Synechococcales	79	batch1_DRR483601_DRP010313-DRA016486	7668599	7152721	2959229	2050319	SR
Synechocystis.sp.PCC.6803_txid1148_SAMD00061113_Synechococcales	79	batch1_DRR483602_DRP010313-DRA016486	8400011	7802047	3473590	2425499	SR
Synechocystis.sp.PCC.6803_txid1148_SAMD00061113_Synechococcales	79	batch1_DRR483603_DRP010313-DRA016486	7510397	7004456	3216911	2271037	SR
Synechocystis.sp.PCC.6803_txid1148_SAMD00061113_Synechococcales	79	batch1_DRR483604_DRP010313-DRA016486	8397698	7817316	3411839	2337049	SR
Synechocystis.sp.PCC.6803_txid1148_SAMD00061113_Synechococcales	79	batch1_DRR483605_DRP010313-DRA016486	8192452	7619190	3223583	2226285	SR
Synechocystis.sp.PCC.6803_txid1148_SAMD00061113_Synechococcales	79	batch1_ERR2736135_ERP110380-ERA1560755	47158637	45026067	3961875	2532971	SR
Synechocystis.sp.PCC.6803_txid1148_SAMD00061113_Synechococcales	79	batch1_ERR2736136_ERP110380-ERA1560755	44921591	42915896	3835729	2531675	SR
Synechocystis.sp.PCC.6803_txid1148_SAMD00061113_Synechococcales	79	batch1_ERR3650205_ERP118266-ERA2202431	17116945	15462409	15291882	11376127	SR
Synechocystis.sp.PCC.6803_txid1148_SAMD00061113_Synechococcales	79	batch1_ERR3650206_ERP118266-ERA2202431	18816501	16870955	16829372	12509456	SR
Synechocystis.sp.PCC.6803_txid1148_SAMD00061113_Synechococcales	79	batch1_ERR3650207_ERP118266-ERA2202431	18841137	16951624	16767792	12624685	SR
Synechocystis.sp.PCC.6803_txid1148_SAMD00061113_Synechococcales	79	batch1_ERR3650208_ERP118266-ERA2202431	31030388	28124758	26932283	20081137	SR
Synechocystis.sp.PCC.6803_txid1148_SAMD00061113_Synechococcales	79	batch1_ERR3650209_ERP118266-ERA2202431	20439316	18394579	18344169	13841956	SR
Synechocystis.sp.PCC.6803_txid1148_SAMD00061113_Synechococcales	79	batch1_ERR3650210_ERP118266-ERA2202431	21991866	19890943	14171090	10391556	SR
Synechocystis.sp.PCC.6803_txid1148_SAMD00061113_Synechococcales	79	batch1_ERR3650211_ERP118266-ERA2202431	15253673	13710102	13646223	10249927	SR
Synechocystis.sp.PCC.6803_txid1148_SAMD00061113_Synechococcales	79	batch1_ERR3650212_ERP118266-ERA2202431	22887251	20488118	15417656	11601894	SR
Synechocystis.sp.PCC.6803_txid1148_SAMD00061113_Synechococcales	79	batch1_ERR3650213_ERP118266-ERA2202431	18747371	16896587	16791685	12811566	SR
Synechocystis.sp.PCC.6803_txid1148_SAMD00061113_Synechococcales	79	batch1_ERR3650214_ERP118266-ERA2202431	18703450	16878417	16734132	12519094	SR
Synechocystis.sp.PCC.6803_txid1148_SAMD00061113_Synechococcales	79	batch1_ERR3650215_ERP118266-ERA2202431	16505910	14837288	13568954	10303717	SR
Synechocystis.sp.PCC.6803_txid1148_SAMD00061113_Synechococcales	79	batch1_ERR3650216_ERP118266-ERA2202431	21405062	19407195	12289709	9374067	SR
Synechocystis.sp.PCC.6803_txid1148_SAMD00061113_Synechococcales	79	batch1_ERR3650217_ERP118266-ERA2202431	19021161	17213442	16998586	12847055	SR
Synechocystis.sp.PCC.6803_txid1148_SAMD00061113_Synechococcales	79	batch1_ERR3650218_ERP118266-ERA2202431	16873746	15125219	15072459	11427578	SR
Synechocystis.sp.PCC.6803_txid1148_SAMD00061113_Synechococcales	79	batch1_ERR3650219_ERP118266-ERA2202431	15070291	13561265	12185652	9289977	SR
Synechocystis.sp.PCC.6803_txid1148_SAMD00061113_Synechococcales	79	batch1_ERR4643345_ERP124213-ERA2935104	16769911	16769261	4762643	3304458	SR
Synechocystis.sp.PCC.6803_txid1148_SAMD00061113_Synechococcales	79	batch1_ERR4643346_ERP124213-ERA2935104	17355248	17354577	4805528	3172221	SR
Synechocystis.sp.PCC.6803_txid1148_SAMD00061113_Synechococcales	79	batch1_ERR4643347_ERP124213-ERA2935104	15523010	15522403	3835176	2477040	SR
Synechocystis.sp.PCC.6803_txid1148_SAMD00061113_Synechococcales	79	batch1_ERR4643348_ERP124213-ERA2935104	11333336	11332875	3317770	1780410	SR
Synechocystis.sp.PCC.6803_txid1148_SAMD00061113_Synechococcales	79	batch1_ERR4643349_ERP124213-ERA2935104	9996559	9996208	2556098	1294994	SR
Synechocystis.sp.PCC.6803_txid1148_SAMD00061113_Synechococcales	79	batch1_ERR4643350_ERP124213-ERA2935104	11294035	11293542	3061248	1580325	SR
Synechocystis.sp.PCC.6803_txid1148_SAMD00061113_Synechococcales	79	batch1_ERR4643371_ERP124213-ERA2935104	12437516	12437008	3605005	1769526	SR
Synechocystis.sp.PCC.6803_txid1148_SAMD00061113_Synechococcales	79	batch1_ERR5211750_ERP126684-ERA3347711	33347666	31972582	2258809	1061575	SR
Synechocystis.sp.PCC.6803_txid1148_SAMD00061113_Synechococcales	79	batch1_ERR5211751_ERP126684-ERA3347711	29803336	28560707	1716229	867583	SR
Synechocystis.sp.PCC.6803_txid1148_SAMD00061113_Synechococcales	79	batch1_ERR5211752_ERP126684-ERA3347711	29513698	28263427	3020038	2099656	SR
Synechocystis.sp.PCC.6803_txid1148_SAMD00061113_Synechococcales	79	batch1_ERR5211753_ERP126684-ERA3347711	26966757	25731519	1980261	1382661	SR
Synechocystis.sp.PCC.6803_txid1148_SAMD00061113_Synechococcales	79	batch1_ERR5211754_ERP126684-ERA3347711	28185785	26901681	2660838	1861174	SR
Synechocystis.sp.PCC.6803_txid1148_SAMD00061113_Synechococcales	79	batch1_ERR5211755_ERP126684-ERA3347711	30135916	28920414	3034578	2104541	SR
Synechocystis.sp.PCC.6803_txid1148_SAMD00061113_Synechococcales	79	batch1_ERR5211756_ERP126684-ERA3347711	29915007	28693441	2650118	1794564	SR
Synechocystis.sp.PCC.6803_txid1148_SAMD00061113_Synechococcales	79	batch1_ERR5211757_ERP126684-ERA3347711	21475958	20565058	1459043	956291	SR
Synechocystis.sp.PCC.6803_txid1148_SAMD00061113_Synechococcales	79	batch1_ERR5211758_ERP126684-ERA3347711	25521877	24460761	2016563	1297837	SR
Synechocystis.sp.PCC.6803_txid1148_SAMD00061113_Synechococcales	79	batch1_ERR5211759_ERP126684-ERA3347711	28242523	27093084	2249632	1419527	SR
Synechocystis.sp.PCC.6803_txid1148_SAMD00061113_Synechococcales	79	batch1_ERR5211760_ERP126684-ERA3347711	111339537	31460799	17578643	9387566	SF
Synechocystis.sp.PCC.6803_txid1148_SAMD00061113_Synechococcales	79	batch1_ERR5211761_ERP126684-ERA3347711	113014980	32359256	27426367	18921113	SF
Synechocystis.sp.PCC.6803_txid1148_SAMD00061113_Synechococcales	79	batch1_ERR5211762_ERP126684-ERA3347711	61141740	10512931	8944522	6183248	SF
Synechocystis.sp.PCC.6803_txid1148_SAMD00061113_Synechococcales	79	batch1_ERR5211763_ERP126684-ERA3347711	125744450	47529530	41957589	28252818	SF
Synechocystis.sp.PCC.6803_txid1148_SAMD00061113_Synechococcales	79	batch1_ERR5211764_ERP126684-ERA3347711	72010500	10666087	8704450	5761563	SF
Synechocystis.sp.PCC.6803_txid1148_SAMD00061113_Synechococcales	79	batch1_ERR5211765_ERP126684-ERA3347711	108201536	37319315	30218990	20694608	SF
Synechocystis.sp.PCC.6803_txid1148_SAMD00061113_Synechococcales	79	batch1_ERR5211766_ERP126684-ERA3347711	83471777	20938668	15949129	10933793	SF
Synechocystis.sp.PCC.6803_txid1148_SAMD00061113_Synechococcales	79	batch1_ERR5211767_ERP126684-ERA3347711	103060320	23904810	16803241	9883592	SF
Synechocystis.sp.PCC.6803_txid1148_SAMD00061113_Synechococcales	79	batch1_SRR10091995_SRP221190-SRA959661	11354001	6535939	5076169	2127857	SF
Synechocystis.sp.PCC.6803_txid1148_SAMD00061113_Synechococcales	79	batch1_SRR1019223_SRP032228-SRA108193	12944309	11247422	2342599	1055909	SF
Synechocystis.sp.PCC.6803_txid1148_SAMD00061113_Synechococcales	79	batch1_SRR1019363_SRP032228-SRA108193	17126232	14861224	2945244	1299359	SF
Synechocystis.sp.PCC.6803_txid1148_SAMD00061113_Synechococcales	79	batch1_SRR1019364_SRP032228-SRA108193	34741999	30074001	5465583	2206442	SF
Synechocystis.sp.PCC.6803_txid1148_SAMD00061113_Synechococcales	79	batch1_SRR1019368_SRP032228-SRA108193	31985927	19996830	4109432	1691737	SF
Synechocystis.sp.PCC.6803_txid1148_SAMD00061113_Synechococcales	79	batch1_SRR11267198_SRP252009-SRA1052322	38572619	37986303	37774454	20484273	SR
Synechocystis.sp.PCC.6803_txid1148_SAMD00061113_Synechococcales	79	batch1_SRR11267199_SRP252009-SRA1052322	46978902	46357238	46287829	26730967	SR
Synechocystis.sp.PCC.6803_txid1148_SAMD00061113_Synechococcales	79	batch1_SRR11267200_SRP252009-SRA1052322	49261230	48659208	48530032	24002017	SR
Synechocystis.sp.PCC.6803_txid1148_SAMD00061113_Synechococcales	79	batch1_SRR11267201_SRP252009-SRA1052322	47381984	46743691	46606454	22353472	SR
Synechocystis.sp.PCC.6803_txid1148_SAMD00061113_Synechococcales	79	batch1_SRR11267202_SRP252009-SRA1052322	46048366	45495242	45396889	23311337	SR
Synechocystis.sp.PCC.6803_txid1148_SAMD00061113_Synechococcales	79	batch1_SRR11267203_SRP252009-SRA1052322	52963107	52195837	52074412	31076994	SR
Synechocystis.sp.PCC.6803_txid1148_SAMD00061113_Synechococcales	79	batch1_SRR11267204_SRP252009-SRA1052322	53404277	52743644	52639080	32888939	SR
Synechocystis.sp.PCC.6803_txid1148_SAMD00061113_Synechococcales	79	batch1_SRR11267205_SRP252009-SRA1052322	38242727	37760747	37631587	20242489	SR
Synechocystis.sp.PCC.6803_txid1148_SAMD00061113_Synechococcales	79	batch1_SRR15183719_SRP328835-SRA1260758	7076492	5996042	5885088	2643870	SF
Synechocystis.sp.PCC.6803_txid1148_SAMD00061113_Synechococcales	79	batch1_SRR15183728_SRP328835-SRA1260758	5764110	4859422	4788760	1954151	SF
Synechocystis.sp.PCC.6803_txid1148_SAMD00061113_Synechococcales	79	batch1_SRR15183731_SRP328835-SRA1260758	6239656	5282758	5208349	2206933	SF
Synechocystis.sp.PCC.6803_txid1148_SAMD00061113_Synechococcales	79	batch1_SRR15183734_SRP328835-SRA1260758	6528719	5596677	5538586	2298657	SF
Synechocystis.sp.PCC.6803_txid1148_SAMD00061113_Synechococcales	79	batch1_SRR1536649_SRP045272-SRA177990	9594043	8322930	8289067	4582795	SF
Synechocystis.sp.PCC.6803_txid1148_SAMD00061113_Synechococcales	79	batch1_SRR1536650_SRP045272-SRA177990	11515537	10568899	10501020	6426924	SF
Synechocystis.sp.PCC.6803_txid1148_SAMD00061113_Synechococcales	79	batch1_SRR1536651_SRP045272-SRA177990	8122325	6900600	6851443	3754334	SF
Synechocystis.sp.PCC.6803_txid1148_SAMD00061113_Synechococcales	79	batch1_SRR1536652_SRP045272-SRA177990	11245230	10602122	10553619	6322737	SF
Synechocystis.sp.PCC.6803_txid1148_SAMD00061113_Synechococcales	79	batch1_SRR1536653_SRP045272-SRA177990	8112528	7195801	7103872	4352542	SF
Synechocystis.sp.PCC.6803_txid1148_SAMD00061113_Synechococcales	79	batch1_SRR1536654_SRP045272-SRA177990	7608347	7060717	7041625	4304720	SF
Synechocystis.sp.PCC.6803_txid1148_SAMD00061113_Synechococcales	79	batch1_SRR1536655_SRP045272-SRA177990	9307099	8367604	8336843	4806071	SF
Synechocystis.sp.PCC.6803_txid1148_SAMD00061113_Synechococcales	79	batch1_SRR18074949_SRP360561-SRA1374734	36173257	34167388	33911777	21442159	SR
Synechocystis.sp.PCC.6803_txid1148_SAMD00061113_Synechococcales	79	batch1_SRR18074950_SRP360561-SRA1374734	36712612	34714300	34313415	21874827	SR
Synechocystis.sp.PCC.6803_txid1148_SAMD00061113_Synechococcales	79	batch1_SRR18074951_SRP360561-SRA1374734	34712659	32682074	32526230	19331131	SR
Synechocystis.sp.PCC.6803_txid1148_SAMD00061113_Synechococcales	79	batch1_SRR18074952_SRP360561-SRA1374734	41919078	39623153	39243601	21700456	SR
Synechocystis.sp.PCC.6803_txid1148_SAMD00061113_Synechococcales	79	batch1_SRR18074953_SRP360561-SRA1374734	39425638	37146476	36787289	21380129	SR
Synechocystis.sp.PCC.6803_txid1148_SAMD00061113_Synechococcales	79	batch1_SRR18074954_SRP360561-SRA1374734	36980031	34946129	34704567	21653567	SR
Synechocystis.sp.PCC.6803_txid1148_SAMD00061113_Synechococcales	79	batch1_SRR7239261_SRP149383-SRA713010	14786418	12024987	11582834	4821864	SF
Thermosynechococcus.vestitus.BP.1_txid197221_SAMD00061106_unknown	26	batch1_SRR2072064_SRP059713-SRA273644	26646962	23910962	1189620	622291	SF
Thermosynechococcus.vestitus.BP.1_txid197221_SAMD00061106_unknown	26	batch1_SRR2072065_SRP059713-SRA273644	26866196	23911877	1190789	621178	SF
Thermosynechococcus.vestitus.BP.1_txid197221_SAMD00061106_unknown	26	batch1_SRR2072066_SRP059713-SRA273644	32877395	29444643	1467568	751693	SF
Thermosynechococcus.vestitus.BP.1_txid197221_SAMD00061106_unknown	26	batch1_SRR2072067_SRP059713-SRA273644	33259321	29447560	1469949	749762	SF
Thermosynechococcus.vestitus.BP.1_txid197221_SAMD00061106_unknown	26	batch1_SRR2072068_SRP059713-SRA273644	34104283	30381842	1629873	819599	SF
Thermosynechococcus.vestitus.BP.1_txid197221_SAMD00061106_unknown	26	batch1_SRR2072069_SRP059713-SRA273644	34864222	30386930	1633658	817411	SF
Thermosynechococcus.vestitus.BP.1_txid197221_SAMD00061106_unknown	26	batch1_SRR2072070_SRP059713-SRA273644	25770005	22749258	1305092	666320	SF
Thermosynechococcus.vestitus.BP.1_txid197221_SAMD00061106_unknown	26	batch1_SRR2072071_SRP059713-SRA273644	26195764	22753472	1307693	664781	SF
Thermosynechococcus.vestitus.BP.1_txid197221_SAMD00061106_unknown	26	batch1_SRR2072072_SRP059713-SRA273644	23427527	20600570	1230435	616075	SF
Thermosynechococcus.vestitus.BP.1_txid197221_SAMD00061106_unknown	26	batch1_SRR2072073_SRP059713-SRA273644	23734321	20603092	1232027	614984	SF
Thermosynechococcus.vestitus.BP.1_txid197221_SAMD00061106_unknown	26	batch1_SRR2072084_SRP059713-SRA273644	27191581	23529623	1327708	763785	SF
Thermosynechococcus.vestitus.BP.1_txid197221_SAMD00061106_unknown	26	batch1_SRR2072085_SRP059713-SRA273644	27702816	23535571	1331638	760992	SF
Thermosynechococcus.vestitus.BP.1_txid197221_SAMD00061106_unknown	26	batch1_SRR2072092_SRP059713-SRA273644	17129778	14886787	1021362	550241	SF
Thermosynechococcus.vestitus.BP.1_txid197221_SAMD00061106_unknown	26	batch1_SRR2072093_SRP059713-SRA273644	17215246	14886885	1021805	549674	SF
Thermosynechococcus.vestitus.BP.1_txid197221_SAMD00061106_unknown	26	batch1_SRR2072096_SRP059713-SRA273644	19696374	17304671	1409387	809424	SF
Thermosynechococcus.vestitus.BP.1_txid197221_SAMD00061106_unknown	26	batch1_SRR2072097_SRP059713-SRA273644	19897428	17305339	1410232	807056	SF
Thermosynechococcus.vestitus.BP.1_txid197221_SAMD00061106_unknown	26	batch1_SRR2072102_SRP059713-SRA273644	15714366	13751521	1043071	577930	SF
Thermosynechococcus.vestitus.BP.1_txid197221_SAMD00061106_unknown	26	batch1_SRR2072103_SRP059713-SRA273644	15912394	13752539	1043937	576490	SF
Thermosynechococcus.vestitus.BP.1_txid197221_SAMD00061106_unknown	26	batch1_SRR2072106_SRP059713-SRA273644	13917403	12199860	1040845	551077	SF
Thermosynechococcus.vestitus.BP.1_txid197221_SAMD00061106_unknown	26	batch1_SRR2072107_SRP059713-SRA273644	13973386	12199612	1041078	550015	SF
Thermosynechococcus.vestitus.BP.1_txid197221_SAMD00061106_unknown	26	batch1_SRR2072108_SRP059713-SRA273644	15824099	13721667	1110716	575801	SF
Thermosynechococcus.vestitus.BP.1_txid197221_SAMD00061106_unknown	26	batch1_SRR2072109_SRP059713-SRA273644	15894862	13721833	1111077	574882	SF
Thermosynechococcus.vestitus.BP.1_txid197221_SAMD00061106_unknown	26	batch1_SRR2072114_SRP059713-SRA273644	23791340	20353984	1237427	683553	SF
Thermosynechococcus.vestitus.BP.1_txid197221_SAMD00061106_unknown	26	batch1_SRR2072115_SRP059713-SRA273644	24230966	20357048	1239782	681030	SF
Thermosynechococcus.vestitus.BP.1_txid197221_SAMD00061106_unknown	26	batch1_SRR2072122_SRP059713-SRA273644	13145692	12514534	1179834	645659	SF
Thermosynechococcus.vestitus.BP.1_txid197221_SAMD00061106_unknown	26	batch1_SRR2072123_SRP059713-SRA273644	13450162	12517709	1181528	643517	SF
Trichodesmium.erythraeum.IMS101_txid203124_SAMN02598485_Oscillatoriales	15	batch1_SRR10203734_SRP223729-SRA969949	46357692	45705812	45539906	25186337	SR
Trichodesmium.erythraeum.IMS101_txid203124_SAMN02598485_Oscillatoriales	15	batch1_SRR10203735_SRP223729-SRA969949	55682886	54716589	54361193	34464470	SR
Trichodesmium.erythraeum.IMS101_txid203124_SAMN02598485_Oscillatoriales	15	batch1_SRR10203736_SRP223729-SRA969949	51092152	50410560	49966266	23140135	SR
Trichodesmium.erythraeum.IMS101_txid203124_SAMN02598485_Oscillatoriales	15	batch1_SRR10203737_SRP223729-SRA969949	50005102	49319702	48926315	28335994	SR
Trichodesmium.erythraeum.IMS101_txid203124_SAMN02598485_Oscillatoriales	15	batch1_SRR4250003_SRP089988-SRA472613	42534587	41906203	41756768	20877520	SR
Trichodesmium.erythraeum.IMS101_txid203124_SAMN02598485_Oscillatoriales	15	batch1_SRR4250004_SRP089988-SRA472613	52664117	51983758	51864723	29592653	SR
Trichodesmium.erythraeum.IMS101_txid203124_SAMN02598485_Oscillatoriales	15	batch1_SRR4250005_SRP089988-SRA472613	53855204	53129118	53039482	28009941	SR
Trichodesmium.erythraeum.IMS101_txid203124_SAMN02598485_Oscillatoriales	15	batch1_SRR4250006_SRP089988-SRA472613	51577946	50872575	50709874	27009035	SR
Trichodesmium.erythraeum.IMS101_txid203124_SAMN02598485_Oscillatoriales	15	batch1_SRR5260135_SRP099881-SRA538234	102203770	100494244	88726406	38850562	SR
Trichodesmium.erythraeum.IMS101_txid203124_SAMN02598485_Oscillatoriales	15	batch1_SRR5260136_SRP099881-SRA538234	99273373	97268598	90767181	43085668	SR
Trichodesmium.erythraeum.IMS101_txid203124_SAMN02598485_Oscillatoriales	15	batch1_SRR5260137_SRP099881-SRA538234	92305733	90150093	73042491	31624750	SR
Trichodesmium.erythraeum.IMS101_txid203124_SAMN02598485_Oscillatoriales	15	batch1_SRR5260138_SRP099881-SRA538234	85245154	83196588	73768012	33481115	SR
Trichodesmium.erythraeum.IMS101_txid203124_SAMN02598485_Oscillatoriales	15	batch1_SRR5260141_SRP099881-SRA538234	120502212	118253100	101973805	45164464	SR
Trichodesmium.erythraeum.IMS101_txid203124_SAMN02598485_Oscillatoriales	15	batch1_SRR5260142_SRP099881-SRA538234	107379513	104508682	91899016	41108487	SR
Trichodesmium.erythraeum.IMS101_txid203124_SAMN02598485_Oscillatoriales	15	batch1_SRR5260150_SRP099881-SRA538234	110364158	107470469	96585728	39728685	SR
